personnes,date,heure
personne 1,2022-05-05,12:07:35
personne 2,2022-05-05,12:07:35
personne 3,2022-05-05,12:07:35
personne 1,2022-05-05,11:18:30
personne 1,2022-05-05,11:22:03
personne 1,2022-05-05,11:22:29
personne 1,2022-05-05,13:23:31
personne 1,2022-05-05,13:26:04
personne 1,2022-05-05,13:59:10
personne 1,2022-05-05,14:02:48
personne 2,2022-05-05,14:02:48
personne 3,2022-05-05,14:02:49
personne 4,2022-05-05,14:02:49
personne 1,2022-05-05,14:07:41
personne 1,2022-05-05,14:08:53
personne 1,2022-05-05,14:09:22
personne 2,2022-05-05,14:09:22
personne 3,2022-05-05,14:09:22
personne 4,2022-05-05,14:09:22
personne 1,2022-05-05,14:14:12
personne 1,2022-05-05,16:15:43
personne 1,2022-05-05,16:15:57
personne 1,2022-05-05,16:16:07
personne 2,2022-05-05,16:16:07
personne 3,2022-05-05,16:16:07
personne 4,2022-05-05,16:16:07
personne 1,2022-05-05,19:37:59
personne 1,2022-05-05,19:38:18
personne 1,2022-05-05,19:52:56
personne 1,2022-05-05,20:07:20
personne 1,2022-05-05,20:07:20
personne 1,2022-05-05,20:16:47
personne 1,2022-05-05,20:19:48
personne 1,2022-05-05,20:19:48
personne 1,2022-05-05,20:30:55
personne 2,2022-05-05,20:30:55
personne 3,2022-05-05,20:30:55
personne 1,2022-05-05,20:41:00
personne 1,2022-05-05,20:41:35
personne 1,2022-05-05,20:43:45
personne 1,2022-05-05,20:44:00
personne 1,2022-05-05,20:52:08
personne 1,2022-05-05,20:52:20
personne 1,2022-05-05,20:52:33
personne 1,2022-05-05,20:58:44
personne 1,2022-05-05,20:58:56
personne 1,2022-05-05,20:59:15
personne 1,2022-05-05,20:59:24
personne 2,2022-05-05,20:59:24
personne 3,2022-05-05,20:59:24
personne 4,2022-05-05,20:59:24
personne 1,2022-05-05,21:07:21
personne 1,2022-05-05,21:27:27
personne 1,2022-05-05,21:28:43
personne 1,2022-05-05,21:34:22
personne 1,2022-05-05,21:34:35
personne 1,2022-05-05,21:35:14
personne 1,2022-05-05,21:35:19
personne 2,2022-05-05,21:35:19
personne 3,2022-05-05,21:35:19
personne 1,2022-05-05,21:38:38
personne 1,2022-05-05,21:38:47
personne 1,2022-05-05,21:39:40
personne 1,2022-05-05,21:42:51
personne 1,2022-05-05,22:05:42
personne 2,2022-05-05,22:05:42
personne 3,2022-05-05,22:05:43
personne 1,2022-05-05,22:08:45
personne 1,2022-05-05,22:11:03
personne 1,2022-05-05,22:12:30
personne 2,2022-05-05,22:12:30
personne 3,2022-05-05,22:12:31
personne 4,2022-05-05,22:12:31
personne 1,2022-05-05,22:16:14
personne 1,2022-05-05,22:18:52
personne 2,2022-05-05,22:18:52
personne 3,2022-05-05,22:18:53
personne 4,2022-05-05,22:18:53
personne 1,2022-05-05,22:30:49
personne 2,2022-05-05,22:30:49
personne 3,2022-05-05,22:30:50
personne 4,2022-05-05,22:30:50
personne 1,2022-05-05,23:54:32
personne 2,2022-05-05,23:54:32
personne 3,2022-05-05,23:54:32
personne 4,2022-05-05,23:54:32
personne 1,2022-05-05,23:57:34
personne 2,2022-05-05,23:57:34
personne 3,2022-05-05,23:57:35
personne 4,2022-05-05,23:57:35
personne 1,2022-05-06,00:07:21
personne 1,2022-05-06,00:08:36
personne 1,2022-05-06,00:09:01
personne 1,2022-05-06,00:09:46
personne 1,2022-05-06,00:10:19
personne 2,2022-05-06,00:10:19
personne 3,2022-05-06,00:10:19
personne 4,2022-05-06,00:10:20
personne 1,2022-05-06,00:27:40
personne 2,2022-05-06,00:27:41
personne 3,2022-05-06,00:27:41
personne 4,2022-05-06,00:27:41
personne 5,2022-05-06,00:27:42
personne 6,2022-05-06,00:27:42
personne 7,2022-05-06,00:27:43
personne 8,2022-05-06,00:27:43
personne 9,2022-05-06,00:27:44
personne 10,2022-05-06,00:27:44
personne 1,2022-05-06,00:33:03
personne 2,2022-05-06,00:33:04
personne 3,2022-05-06,00:33:04
personne 4,2022-05-06,00:33:05
personne 5,2022-05-06,00:33:05
personne 6,2022-05-06,00:33:05
personne 7,2022-05-06,00:33:06
personne 1,2022-05-06,00:33:44
personne 2,2022-05-06,00:33:45
personne 3,2022-05-06,00:33:45
personne 4,2022-05-06,00:33:46
personne 5,2022-05-06,00:33:46
personne 6,2022-05-06,00:33:47
personne 7,2022-05-06,00:33:47
personne 1,2022-05-06,00:34:02
personne 2,2022-05-06,00:34:02
personne 3,2022-05-06,00:34:03
personne 4,2022-05-06,00:34:03
personne 5,2022-05-06,00:34:04
personne 6,2022-05-06,00:34:04
personne 7,2022-05-06,00:34:04
personne 1,2022-05-06,00:34:23
personne 1,2022-05-06,00:34:53
personne 1,2022-05-06,00:35:10
personne 1,2022-05-06,00:48:26
personne 1,2022-05-06,09:33:27
personne 1,2022-05-06,09:34:41
personne 1,2022-05-06,09:36:47
personne 1,2022-05-06,09:42:19
personne 1,2022-05-06,09:45:11
personne 2,2022-05-06,09:45:11
personne 3,2022-05-06,09:45:12
personne 4,2022-05-06,09:45:12
personne 1,2022-05-06,09:46:51
personne 2,2022-05-06,09:46:51
personne 1,2022-05-06,09:51:49
personne 1,2022-05-06,09:52:14
personne 2,2022-05-06,09:52:14
personne 1,2022-05-06,09:53:52
personne 1,2022-05-06,09:54:21
personne 2,2022-05-06,09:54:21
personne 3,2022-05-06,09:54:22
personne 4,2022-05-06,09:54:22
personne 1,2022-05-06,09:55:19
personne 2,2022-05-06,09:55:20
personne 3,2022-05-06,09:55:20
personne 4,2022-05-06,09:55:21
personne 1,2022-05-06,09:57:01
personne 1,2022-05-06,09:57:15
personne 2,2022-05-06,09:57:16
personne 3,2022-05-06,09:57:16
personne 4,2022-05-06,09:57:17
personne 1,2022-05-06,09:58:02
personne 2,2022-05-06,09:58:02
personne 3,2022-05-06,09:58:03
personne 4,2022-05-06,09:58:04
p.1,2022-05-06,09:58:57
p.1,2022-05-06,09:59:21
p.2,2022-05-06,09:59:21
p.1,2022-05-06,10:00:10
p.2,2022-05-06,10:00:11
